Game,Store,Address,City,ZIP,Number of winners sold,Total amount won
Cash 5,12TH AVENUE MARKET & DELI,2620 E 12TH AVE,DENVER,80206,3,"$40,200"
Cash 5,287 CRAFT SPIRITS,5846 S COLLEGE AVE,FORT COLLINS,80525,1,"$1,000"
Cash 5,34 LIQUORS,1205 E EISENHOWER BLVD,LOVELAND,80537,2,"$21,010"
Cash 5,52 LIQUOR,901 CARBONDALE DR,DACONO,80514,1,"$2,000"
Cash 5,7-ELEVEN #13071B,5 WIDEFIELD,COLORADO SPRINGS,80911,3,"$42,000"
Cash 5,7-ELEVEN #13082B,310 W UINTAH ST,COLORADO SPRINGS,80905,1,$200
Cash 5,7-ELEVEN #13093A,1760 SHASTA DR,COLORADO SPRINGS,80910,1,"$20,000"
Cash 5,7-ELEVEN #13111S,2727 S PRAIRIE,PUEBLO,81005,1,"$20,000"
Cash 5,7-ELEVEN #13128B,9101 W JEWELL,LAKEWOOD,80232,2,"$40,000"
Cash 5,7-ELEVEN #13157A,7270 BROADWAY,DENVER,80221,2,"$40,000"
Cash 5,7-ELEVEN #13164A,2605 VALMONT RD,BOULDER,80304,1,"$20,000"
Cash 5,7-ELEVEN #13167A,7540 PECOS ST,DENVER,80221,1,"$20,000"
Cash 5,7-ELEVEN #13195A,4040 E 8TH AVE,DENVER,80220,2,"$40,000"
Cash 5,7-ELEVEN #13197A,1645 E 17TH AVE,DENVER,80218,1,"$20,000"
Cash 5,7-ELEVEN #13203A,7675 E COLFAX AVE,DENVER,80220,1,"$2,000"
Cash 5,7-ELEVEN #13206B,3900 S BROADWAY,ENGLEWOOD,80113,1,"$20,000"
Cash 5,7-ELEVEN #13213A,567 E LOUISIANA,DENVER,80210,2,"$40,000"
Cash 5,7-ELEVEN #15041A,311 W MAIN,STERLING,80751,1,"$20,000"
Cash 5,7-ELEVEN #15068A,331 S HANCOCK,COLORADO SPRINGS,80903,1,"$20,000"
Cash 5,7-ELEVEN #15203A,703 E PLATTE,FORT MORGAN,80701,1,"$20,000"
Cash 5,7-ELEVEN #15955A,620 EDISON,BRUSH,80723,2,"$3,050"
Cash 5,7-ELEVEN #16068A,2641 S ESTES,LAKEWOOD,80227,1,"$20,000"
Cash 5,7-ELEVEN #17127S,905 W NORTHERN,PUEBLO,81004,2,"$40,000"
Cash 5,7-ELEVEN #17134B,9200 W ALAMEDA,LAKEWOOD,80226,6,"$121,420"
Cash 5,7-ELEVEN #17299A,8390 W 14TH AVE,LAKEWOOD,80214,1,"$20,000"
Cash 5,7-ELEVEN #17596C,10722 E ALAMEDA,AURORA,80012,1,"$20,000"
Cash 5,7-ELEVEN #18409A,16080 E COLFAX,AURORA,80011,2,"$40,002"
Cash 5,7-ELEVEN #18497A,5010 KIPLING ST,WHEAT RIDGE,80033,1,"$20,000"
Cash 5,7-ELEVEN #18556A,8801 HURON ST,THORNTON,80260,1,"$20,000"
Cash 5,7-ELEVEN #18576B,3901 E 112TH AVE UNIT F,THORNTON,80233,1,"$20,000"
Cash 5,7-ELEVEN #18730A,3177 E COLFAX,DENVER,80206,2,"$40,000"
Cash 5,7-ELEVEN #19136A,6490 WARD RD,ARVADA,80004,2,"$40,012"
Cash 5,7-ELEVEN #20308B,283 HWY 105,MONUMENT,80132,1,"$2,000"
Cash 5,7-ELEVEN #20343B,2407 N UNION,COLORADO SPRINGS,80909,1,"$20,000"
Cash 5,7-ELEVEN #20638J,804 E 4TH ST,PUEBLO,81001,1,"$20,000"
Cash 5,7-ELEVEN #21494B,3005 S PEORIA,AURORA,80014,1,"$20,000"
Cash 5,7-ELEVEN #21562A,1651 S BUCKLEY RD,AURORA,80017,2,"$40,400"
Cash 5,7-ELEVEN #21967J,1475 'B' STREET,COLORADO SPRINGS,80906,1,"$20,000"
Cash 5,7-ELEVEN #22088A BCP WILLS,1329 MAIN ST,CARBONDALE,81623,1,"$1,005"
Cash 5,7-ELEVEN #22233B,1240 E FILLMORE,COLORADO SPRINGS,80907,1,"$20,000"
Cash 5,7-ELEVEN #22537A,1690 PEARL,DENVER,80203,3,"$41,000"
Cash 5,7-ELEVEN #22562 A,1801 S NEVADA AVE,COLORADO SPRINGS,80905,1,"$20,000"
Cash 5,7-ELEVEN #22613B,3004 WEST COLORADO,COLORADO SPRINGS,80904,1,"$20,000"
Cash 5,7-ELEVEN #22684B,1428 WEST COLORADO,COLORADO SPRINGS,80904,2,"$20,200"
Cash 5,7-ELEVEN #23154A,13790 E QUINCY AVE,AURORA,80015,2,"$40,000"
Cash 5,7-ELEVEN #23418A,10502 E COLFAX,AURORA,80010,3,"$60,000"
Cash 5,7-ELEVEN #23546B,1402 HARRISON RD,COLORADO SPRINGS,80905,1,"$20,000"
Cash 5,7-ELEVEN #23664A,2396 S FEDERAL,DENVER,80219,1,"$1,001"
Cash 5,7-ELEVEN #23811J,327 W 8TH ST,PUEBLO,81003,2,"$40,000"
Cash 5,7-ELEVEN #23829B,6302 E 72ND AVE,COMMERCE CITY,80022,2,"$1,200"
Cash 5,7-ELEVEN #23888A,1702 S 8TH ST,COLORADO SPRINGS,80905,1,"$20,000"
Cash 5,7-ELEVEN #23905B,1000 E COLFAX,DENVER,80218,1,"$20,000"
Cash 5,7-ELEVEN #23990A,1795 PEORIA ST,AURORA,80010,1,"$20,000"
Cash 5,7-ELEVEN #24079B,8250 W COAL MINE AVE,LITTLETON,80123,1,"$20,000"
Cash 5,7-ELEVEN #24116A,1585 S BROADWAY,DENVER,80210,1,"$20,000"
Cash 5,7-ELEVEN #24359A,2410 S UNIVERSITY BLVD,DENVER,80210,1,"$20,000"
Cash 5,7-ELEVEN #24398A,3306 E FOUNTAIN,COLORADO SPRINGS,80910,2,"$40,000"
Cash 5,7-ELEVEN #24438A,995 N CIRCLE,COLORADO SPRINGS,80909,1,$200
Cash 5,7-ELEVEN #24460B,510 SECURITY BLVD,COLORADO SPRINGS,80911,3,"$60,000"
Cash 5,7-ELEVEN #24856A,1066 E 88TH AVE,THORNTON,80229,1,$200
Cash 5,7-ELEVEN #25052B,890 S FEDERAL,DENVER,80219,1,"$20,000"
Cash 5,7-ELEVEN #25325B,12057 PECOS ST,WESTMINSTER,80234,3,"$60,000"
Cash 5,7-ELEVEN #25550A,12880 ALLBROOK DR,DENVER,80239,2,"$21,420"
Cash 5,7-ELEVEN #25581B,16400 S GOLDEN RD,GOLDEN,80401,1,"$20,011"
Cash 5,7-ELEVEN #25740C,18883 E HAMPDEN AVE,AURORA,80013,1,"$20,000"
Cash 5,7-ELEVEN #25794B,1685 JET WING DR,COLORADO SPRINGS,80916,2,"$40,000"
Cash 5,7-ELEVEN #25823B,7201 LOWELL BLVD,WESTMINSTER,80030,1,"$20,000"
Cash 5,7-ELEVEN #25907B,3200 E 45TH AVE,DENVER,80216,1,"$20,000"
Cash 5,7-ELEVEN #26295J,1426 N ACADEMY,COLORADO SPRINGS,80909,1,$200
Cash 5,7-ELEVEN #26574A,13190 E MISSISSIPPI,AURORA,80012,2,"$20,200"
Cash 5,7-ELEVEN #26682A,14593 E MISSISSIPPI,AURORA,80012,2,"$40,000"
Cash 5,7-ELEVEN #26692A,5805 PALMER PARK BLVD,COLORADO SPRINGS,80915,1,"$20,000"
Cash 5,7-ELEVEN #26693B,3740 RANDALL DR,COLORADO SPRINGS,80920,1,"$20,000"
Cash 5,7-ELEVEN #27022A,650 E 64TH AVE,DENVER,80229,1,"$20,000"
Cash 5,7-ELEVEN #27067B,3990 E 35TH AVENUE,DENVER,80205,1,"$20,000"
Cash 5,7-ELEVEN #27211A,15511 E 6TH AVE,AURORA,80011,1,"$20,000"
Cash 5,7-ELEVEN #27620A,303 SANTA FE DR,DENVER,80223,1,"$1,000"
Cash 5,7-ELEVEN #29024A,880 S BUCKLEY RD,AURORA,80017,1,"$20,000"
Cash 5,7-ELEVEN #32673A,1446 N 95TH,LAFAYETTE,80026,2,"$40,000"
Cash 5,7-ELEVEN #32810A,4500 PEORIA ST,DENVER,80239,1,"$20,400"
Cash 5,7-ELEVEN #32923A,16981 E LINCOLN AVE,PARKER,80134,1,$200
Cash 5,7-ELEVEN #32990A,3522 N ELIZABETH ST,PUEBLO,81008,1,"$20,000"
Cash 5,7-ELEVEN #33042B,8750 S YOSEMITE ST,LONETREE,80124,1,"$20,000"
Cash 5,7-ELEVEN #33043A,7725 FOUNTAIN MESA RD,FOUNTAIN,80817,1,"$20,000"
Cash 5,7-ELEVEN #33044A,14250 E ILIFF AVE,AURORA,80014,2,"$40,000"
Cash 5,7-ELEVEN #33710H,6040 BARNES ROAD,COLORADO SPRINGS,80922,1,"$20,000"
Cash 5,7-ELEVEN #34012A,5241 W 72ND AVE,ARVADA,80003,2,"$40,000"
Cash 5,7-ELEVEN #34087A,15610 E 104TH AVE,COMMERCE CITY,80022,1,"$20,000"
Cash 5,7-ELEVEN #34168B,3240 VILLAGE VISTA DR,ERIE,80516,1,"$20,000"
Cash 5,7-ELEVEN #34179B,4709 TOWER RD,DENVER,80249,1,"$20,000"
Cash 5,7-ELEVEN #34181B,21405 E QUINCY AVE,AURORA,80015,1,"$20,000"
Cash 5,7-ELEVEN #34330B,3810 N FEDERAL BLVD,DENVER,80211,1,$200
Cash 5,7-ELEVEN #34333A,3995 N LEWISTON ST #106,AURORA,80011,1,"$20,000"
Cash 5,7-ELEVEN #34342B,1975 E COLFAX AVE,DENVER,80206,2,"$40,000"
Cash 5,7-ELEVEN #34441A,13697 E ILIFF AVE #1,AURORA,80014,2,"$20,200"
Cash 5,7-ELEVEN #34442A,1726 CHAMPA ST,DENVER,80202,2,"$40,000"
Cash 5,7-ELEVEN #34504B,7451 S GARTRELL RD,AURORA,80016,1,"$20,000"
Cash 5,7-ELEVEN #34526A,1800 LAWRENCE STREET,DENVER,80202,1,"$20,000"
Cash 5,7-ELEVEN #34534A,6201 E 14TH AVE,DENVER,80220,2,"$20,200"
Cash 5,7-ELEVEN #34570A,1755 BLAKE STREET,DENVER,80202,1,"$20,000"
Cash 5,7-ELEVEN #34675B,1910 S HAVANA ST #2,AURORA,80014,3,"$60,000"
Cash 5,7-ELEVEN #34921A,2350 HANCOCK EXPRESSWAY,COLORADO SPRINGS,80910,1,"$20,000"
Cash 5,7-ELEVEN #34924A,2803 W 10TH STREET,GREELEY,80634,1,"$20,000"
Cash 5,7-ELEVEN #35040A,551 E COLFAX,DENVER,80203,1,"$20,000"
Cash 5,7-ELEVEN #35337A,2825 BRIARGATE BLVD,COLORADO SPRINGS,80920,1,$200
Cash 5,7-ELEVEN #35345B,2250 MOUNTAINVIEW AVENUE,LONGMONT,80501,2,"$40,000"
Cash 5,7-ELEVEN #35357J,5190 W 113TH AVENUE,WESTMINSTER,80031,1,"$20,000"
Cash 5,7-ELEVEN #35506J,3045 W PROSPECT ROAD,FORT COLLINS,80526,1,"$20,000"
Cash 5,7-ELEVEN #35976B,8755 E MONTVIEW BLVD,DENVER,80220,1,"$20,000"
Cash 5,7-ELEVEN #35979A,2950 W EVANS AVE,DENVER,80219,1,"$20,000"
Cash 5,7-ELEVEN #36464B,8111 TOWER ROAD,COMMERCE CITY,80022,1,"$20,000"
Cash 5,7-ELEVEN #36769A,1510 S HOLLY STREET,DENVER,80222,1,"$20,000"
Cash 5,7-ELEVEN #37120A,3200 CHAMBERS RD,AURORA,80011,1,"$20,000"
Cash 5,7-ELEVEN #37291A,12241 E 104TH PL,COMMERCE CITY,80022,2,"$40,000"
Cash 5,7-ELEVEN #39079B,200 N TAFT HILL RD,FORT COLLINS,80521,1,"$20,000"
Cash 5,7-ELEVEN #39339 BCP EL PASO CO,1810 MAIN STREET,SECURITY,80911,1,"$20,000"
Cash 5,7-ELEVEN #39421A BCP WILLS,9301 S PARKER RD,PARKER,80134,1,"$20,000"
Cash 5,7-ELEVEN #39472 BCP EL PASO CO,4325 S CAREFREE CIRCLE,COLORADO SPRINGS,80917,1,"$20,000"
Cash 5,7-ELEVEN #39504A TWIN STAR,4351 S TAMARAC PKWY,DENVER,80237,1,"$20,000"
Cash 5,7-ELEVEN #39510H,3914 STATE HWY 119,LONGMONT,80504,1,"$20,000"
Cash 5,7-ELEVEN #39731A BCP TWIN STAR,9100 W KEN CARYL AVE,LITTLETON,80128,1,"$20,000"
Cash 5,7-ELEVEN #39733A BCP TWIN STAR,9010 PARK MEADOWS DR,LONE TREE,80124,1,"$20,000"
Cash 5,7-ELEVEN #39753A BCP TWIN STAR,7190 SIMMS STREET,ARVADA,80004,1,"$20,000"
Cash 5,8TH ST U FILL IT,227 8TH STREET,GREELEY,80631,1,"$20,000"
Cash 5,A-1 LIQUOR STORE,12345 BRIGHTON RD,HENDERSON,80640,9,"$86,007"
Cash 5,A-B PETROLEUM #19,1253 W ALAMEDA AVE,DENVER,80223,3,"$41,002"
Cash 5,A-B PETROLEUM #22,620 SANTA FE,DENVER,80204,1,"$1,000"
Cash 5,A-B PETROLEUM #36,14501 E COLFAX AVE,AURORA,80011,1,"$20,000"
Cash 5,ALL IN ONE STORE,6725 WADSWORTH BLVD,ARVADA,80003,1,"$20,000"
Cash 5,ALTA CONVENIENCE #3104,725 W NORTHERN AVE,PUEBLO,81004,2,$400
Cash 5,ALTA CONVENIENCE #3106,2801 N ELIZABETH,PUEBLO,81003,1,"$20,000"
Cash 5,ALTA CONVENIENCE #3205,700 4TH AVE,FORT GARLAND,81133,1,"$20,000"
Cash 5,ALTA CONVENIENCE #3701,337 W 1ST STREET,SALIDA,81201,1,"$20,000"
Cash 5,ALTA CONVENIENCE #5111,111 E HWY 112,CENTER,81125,1,"$20,000"
Cash 5,ALTA CONVENIENCE #6006,40 STATE HWY 67,WOODLAND PARK,80863,2,"$40,000"
Cash 5,ALTA CONVENIENCE #6114,2387 W 72ND AVE,THORNTON,80221,1,"$20,000"
Cash 5,ALTA CONVENIENCE #6123,9190 HURON ST,THORNTON,80260,1,"$20,000"
Cash 5,ALTA CONVENIENCE #6316,2249 BROADWAY,GRAND JUNCTION,81507,1,"$20,000"
Cash 5,AMERICAN CONVENIENCE STORE,505 US HWY 50 BUSINESS LOOP,OLATHE,81425,1,"$20,010"
Cash 5,APPLEWOOD GAS EXPRESS,1995 YOUNGFIELD ST,GOLDEN,80401,1,"$20,001"
Cash 5,AUSTIN BLUFFS PLAZA LIQUOR,4333 N ACADEMY BLVD,COLORADO SPRINGS,80918,1,"$20,000"
Cash 5,A-Z CONVENIENCE,"16070 E DARTMOUTH AVE
STE 12",AURORA,80013,1,"$20,000"
Cash 5,BAUSERMAN'S MARKET,11786 US HIGHWAY 50,MANZANOLA,81058,1,"$20,000"
Cash 5,BEAR VALLEY CONOCO,3097 S SHERIDAN BLVD,DENVER,80227,1,"$20,000"
Cash 5,BIG APPLE MART,15494 E MISSISSIPPI,AURORA,80017,1,"$20,000"
Cash 5,BLACK FOREST POST OFFICE,"11425 BLACK FOREST RD
STE 4",COLORADO SPRINGS,80908,1,"$20,000"
Cash 5,BLAIRS TRUCKSTOP,2127 E MAIN ST,MONTROSE,81401,1,"$20,000"
Cash 5,BOOZE BROTHERS LIQUOR,"2321 W 27TH ST
UNIT 512",GREELEY,80634,1,"$1,000"
Cash 5,BORDERLINE #1,68947 US HWY 85,CARR,80612,9,"$141,230"
Cash 5,BOTTLE BARN,1720 S BUCKLEY RD,AURORA,80017,1,$200
Cash 5,BOW MART,5198 S LOWELL BLVD,LITTLETON,80123,1,"$20,000"
Cash 5,BREAKFAST KING,1100 S SANTA FE,DENVER,80223,1,"$20,000"
Cash 5,BRIGHTON CORNERSTOP,21 WELD CO RD 27,BRIGHTON,80603,2,"$21,020"
Cash 5,BYERS THRIFT STORE INC,527 N HWY 36,BYERS,80103,3,"$60,000"
Cash 5,CEDAREDGE FOODTOWN,210 SE INDEPENDENCE AVE,CEDAREDGE,81413,1,"$20,000"
Cash 5,CENTER TOWN LIQUORS,136 S MESA ST,FRUITA,81521,1,"$20,000"
Cash 5,C & F FOOD STORE #2,3199 MESA AVE,GRAND JUNCTION,81504,1,"$20,000"
Cash 5,CHAMBERS PLACE LIQUORS,4856 CHAMBERS RD,DENVER,80239,1,"$20,000"
Cash 5,CHEYENNE MOUNTAIN LIQUORS,730 CHEYENNE MEADOWS RD,COLORADO SPRINGS,80906,1,"$20,000"
Cash 5,CIRCLE K #2703291,6135 N CAREFREE CIRCLE,COLORADO SPRINGS,80922,1,"$20,000"
Cash 5,CIRCLE K #2709838,6560 S ACADEMY BLVD,COLORADO SPRINGS,80906,3,"$23,207"
Cash 5,CIRCLE K #2709839,12051 N HURON ST,WESTMINSTER,80234,1,"$20,000"
Cash 5,CIRCLE K #2709841,1190 W BAPTIST RD,COLORADO SPRINGS,80921,1,"$20,000"
Cash 5,CIRCLE K #2709847,120 S ROCKRIMMON BLVD,COLORADO SPRINGS,80919,1,"$1,000"
Cash 5,CIRCLE K #2709848,1204 E PIKES PEAK,COLORADO SPRINGS,80909,2,"$20,200"
Cash 5,CIRCLE K #2709850,12801 WASHINGTON ST,THORNTON,80241,1,"$1,000"
Cash 5,CIRCLE K #2709852,15291 E HAMPDEN AVE,AURORA,80014,1,"$1,430"
Cash 5,CIRCLE K #2709854,1600 S COLORADO BLVD,DENVER,80222,2,"$40,000"
Cash 5,CIRCLE K #2709860,23 W WOLFENSBERGER,CASTLE ROCK,80109,2,"$3,000"
Cash 5,CIRCLE K #2709870,3805 KIPLING ST,WHEAT RIDGE,80033,3,"$40,200"
Cash 5,CIRCLE K #2709872,4200 S PARKER RD,AURORA,80014,1,"$20,000"
Cash 5,CIRCLE K #2709881,7805 N ACADEMY BLVD,COLORADO SPRINGS,80920,1,"$2,000"
Cash 5,CIRCLE K #2709890,600 S BUCKLEY RD,AURORA,80017,1,$200
Cash 5,CIRCLE K #2709891,1124 FRANCES ST,LONGMONT,80501,1,"$20,000"
Cash 5,CIRCLE K #2740622,6480 S HWY 85/87,FOUNTAIN,80817,1,"$20,000"
Cash 5,CIRCLE K #2740648,8290 N WASHINGTON ST,THORNTON,80229,1,"$20,000"
Cash 5,CIRCLE K #2740650,1850 N MAIN,LONGMONT,80501,1,"$20,000"
Cash 5,CIRCLE K #2740661,4498 SHERIDAN BLVD,DENVER,80212,1,$200
Cash 5,CIRCLE K #2740669,5600 E 64TH AVE,COMMERCE CITY,80022,7,"$140,000"
Cash 5,CIRCLE K #2740682,108 HARRISON,LEADVILLE,80461,1,"$20,000"
Cash 5,CIRCLE K #2740691,2010 W EVANS,ENGLEWOOD,80110,2,"$40,000"
Cash 5,CIRCLE K #2740698,1040 S LINCOLN AVE,LOVELAND,80537,1,"$20,000"
Cash 5,CIRCLE K #2741109,6857 S BROADWAY,LITTLETON,80122,2,"$40,000"
Cash 5,CIRCLE K #2741118,1890 WADSWORTH BLVD,LAKEWOOD,80214,1,"$20,000"
Cash 5,CIRCLE K #2741119,10098 E ALAMEDA AVE,DENVER,80247,3,"$40,200"
Cash 5,CIRCLE K #2741127,14705 E ARAPAHOE RD,AURORA,80016,2,"$40,000"
Cash 5,CIRCLE K #2741136,2121 S CHAMBERS RD,AURORA,80014,1,"$20,000"
Cash 5,CIRCLE K #2741140,291 S SABLE BLVD,AURORA,80012,1,"$20,000"
Cash 5,CIRCLE K #2741157,9701 S PARKER RD,PARKER,80134,4,"$46,000"
Cash 5,CIRCLE K #2741159,34 CENTENNIAL BLVD,HIGHLANDS RANCH,80129,1,"$20,000"
Cash 5,CIRCLE K #2741167,13456 W BOWLES AVE,LITTLETON,80127,1,"$20,000"
Cash 5,CIRCLE K #2741171,430 W ABRIENDO AVE,PUEBLO,81004,1,"$20,000"
Cash 5,CIRCLE K #2741173,11769 E HWY 24,PEYTON,80831,1,"$20,000"
Cash 5,CIRCLE K #2741177,9989 W 80TH AVE,ARVADA,80005,1,"$20,000"
Cash 5,CIRCLE K #2741179,14011 W QUINCY UNIT A,MORRISON,80465,1,"$20,000"
Cash 5,CIRCLE K #2741180,9180 W 88TH AVE,WESTMINSTER,80005,1,"$20,000"
Cash 5,CIRCLE K #2741181,9120 W 1OOTH AVE,BROOMFIELD,80021,1,"$20,000"
Cash 5,CIRCLE K #2741185,5390 W 112TH AVE,WESTMINSTER,80020,1,"$20,000"
Cash 5,CIRCLE K #2741188,2900 S BEAR CREEK BLVD,LAKEWOOD,80228,4,"$80,000"
Cash 5,CIRCLE K #2741190,5553 AUSTIN BLUFFS PKWY,COLORADO SPRINGS,80918,1,"$20,000"
Cash 5,CIRCLE K #2741716,1110 S BUCKLEY RD,AURORA,80017,1,"$20,000"
Cash 5,CIRCLE K #2741722,9986 W REMINGTON PL,LITTLETON,80128,2,"$21,005"
Cash 5,CIRCLE K #2744051,3790 CHAMBERS RD,AURORA,80011,2,"$40,000"
Cash 5,CIRCLE K #2744052,3504 S TOWER RD,AURORA,80013,1,"$20,001"
Cash 5,CIRCLE K #2744079,2210 S COLORADO,DENVER,80222,2,"$21,031"
Cash 5,CIRCLE K #2744080,990 S MONACO,DENVER,80224,1,"$20,000"
Cash 5,CIRCLE K #2744085,5455 E COLFAX,DENVER,80220,1,"$20,000"
Cash 5,CIRCLE K #2744098,4596 S BROADWAY,ENGLEWOOD,80113,1,"$20,003"
Cash 5,CIRCLE K #2744109,101 DENVER AVE,FORT LUPTON,80621,1,"$20,000"
Cash 5,CIRCLE K #2744115,599 29 1/2 RD,GRAND JUNCTION,81504,3,"$40,200"
Cash 5,CIRCLE K #2744118,2020 E COUNTY LINE RD,HIGHLANDS RANCH,80126,1,"$20,000"
Cash 5,CIRCLE K #2744126,4490 S KIPLING PKWY,LITTLETON,80127,1,"$20,000"
Cash 5,CIRCLE K #2744137,19302 E PLAZA DR,PARKER,80138,1,"$20,000"
Cash 5,CIRCLE K #2744144,8801 N WASHINGTON,THORNTON,80229,1,$200
Cash 5,CIRCLE K SITE #2703293,5995 DUBLIN BLVD,COLORADO SPRINGS,80923,1,"$20,000"
Cash 5,CIRLCE K #2740696,2190 S PEORIA ST,AURORA,80014,2,"$40,000"
Cash 5,CITY MARKET #401,2770 HWY 50 SOUTH,GRAND JUNCTION,81503,4,"$61,050"
Cash 5,CITY MARKET #405,1410 GRAND AVE,GLENWOOD SPRINGS,81601,1,"$20,000"
Cash 5,CITY MARKET #406,#6 TOWN PLAZA,DURANGO,81301,2,"$40,000"
Cash 5,CITY MARKET #413,135 S PLUM STREET,FRUITA,81521,1,"$20,000"
Cash 5,CITY MARKET #417,1703 FREMONT,CANON CITY,81212,1,$200
Cash 5,CITY MARKET #420,300 US HWY 6,DILLON,80435,2,"$21,005"
Cash 5,CITY MARKET #421,3130 MAIN AVE,DURANGO,81301,1,"$20,000"
Cash 5,CITY MARKET #422 FUEL CENTER,131 MARKET ST,ALAMOSA,81101,1,"$20,000"
Cash 5,CITY MARKET #431,777 GOLD HILL PL S,WOODLAND PARK,80863,1,"$1,005"
Cash 5,CITY MARKET #433,250 E VALLEY RD,EL JEBEL,81623,2,"$40,003"
Cash 5,CITY MARKET #435,1051 HWY 133,CARBONDALE,81623,1,"$20,000"
Cash 5,CITY MARKET #440,16400 S TOWNSEND,MONTROSE,81401,2,"$40,000"
Cash 5,CITY MARKET #442,2109 N FRONTAGE RD,VAIL,81657,1,"$20,000"
Cash 5,CITY MARKET #443,1320 RAILROAD AVE,RIFLE,81650,2,"$40,000"
Cash 5,CITY MARKET #445,165 COUNTRY CENTER DR,PAGOSA SPRINGS,81147,2,"$40,000"
Cash 5,CITY MARKET #446,1001 THOMPSON RD,GRANBY,80446,2,"$40,000"
Cash 5,C&K FOOD & GAS,5251 N PECOS ST,DENVER,80221,1,"$20,000"
Cash 5,COAL MINE GAS EXPRESS,9819 W COAL MINE AVE,LITTLETON,80123,1,$200
Cash 5,COLORADO ONE SHELL,1233 S SHERIDAN BLVD,DENVER,80232,1,"$20,000"
Cash 5,COLUMBINE DISCOUNT WINE & LIQ,7660 S PIERCE ST,LITTLETON,80128,1,$200
Cash 5,CONOCO WATKINS,33105 E COLFAX AVE,WATKINS,80137,1,$200
Cash 5,CRESTED BUTTE GROCERY,500 BELLEVIEW,CRESTED BUTTE,81224,1,"$20,000"
Cash 5,CRVS #1,930 W MAIN,STERLING,80751,2,"$40,000"
Cash 5,DANDY DISCOUNT LIQUORS,12507 E MISSISSIPPI AVE #802,AURORA,80012,1,"$20,000"
Cash 5,DAVIDSONS BEER WINE & SPIRITS,15745 E ARAPAHOE RD,CENTENNIAL,80016,1,$200
Cash 5,DAVIS BROTHERS SERVICE STATION,351 E FIRST ST,AKRON,80720,1,"$20,000"
Cash 5,DAYTONA MART,1411 DAYTON STREET,AURORA,80010,1,"$20,000"
Cash 5,DENO'S COUNTRY STORE,4000 E 100TH AVE,THORNTON,80229,1,"$20,000"
Cash 5,DENVER LIQUOR GALAXY,8970 E HAMPDEN AVENUE,DENVER,80231,1,"$20,000"
Cash 5,DEPEW LIQUORS,"5505 W 20TH AVE
STE 180",EDGEWATER,80214,1,"$20,010"
Cash 5,DIAGONAL CONOCO,2990 DIAGONAL HWY,BOULDER,80301,1,"$20,000"
Cash 5,DISCOUNT GAS & CONVENIENCE,5600 W ALAMEDA AVE,LAKEWOOD,80226,1,$200
Cash 5,DOO-COM STATION,7710 BRIGHTON RD,COMMERCE CITY,80022,1,$200
Cash 5,DUCKETTS MARKET,621 MAIN ST,OURAY,81427,1,"$20,000"
Cash 5,DU CONOCO FOOD STORE,2001 S UNIVERSITY,DENVER,80210,1,"$20,000"
Cash 5,EAST TIN CUP MARKET,17881 W COLFAX AVE,GOLDEN,80401,4,"$40,400"
Cash 5,EATON CONVENIENCE STORE,55 S OAK,EATON,80615,1,"$20,000"
Cash 5,ELDORADO CORNER MARKET,1805 S FOOTHILLS HIGHWAY,BOULDER,80303,1,$200
Cash 5,ELM STREET LIQUOR,201 ELM ST,STERLING,80751,2,"$21,000"
Cash 5,ENGLEWOOD LIQUORS,3531 S LOGAN STREET #K,ENGLEWOOD,80113,1,"$20,000"
Cash 5,EXXON #028,6556 S BROADWAY,LITTLETON,80121,1,"$2,000"
Cash 5,EXXON #114,14491 E COLFAX AVE,AURORA,80011,1,"$20,000"
Cash 5,EXXON #174,506 GARDEN OF GODS RD,COLORADO SPRINGS,80907,1,"$20,000"
Cash 5,EXXON #264,16820 E 6TH AVE,AURORA,80011,4,"$80,000"
Cash 5,FAMILY MARKET,225 MAIN ST,NATURITA,81422,1,"$20,000"
Cash 5,FARMERS COUNTRY MARKET #12,204 S 6TH ST,LAMAR,81052,1,"$20,000"
Cash 5,FAST MARKET #3596,6910 W 120TH AVE,BROOMFIELD,80020,1,"$20,000"
Cash 5,FAST-N-FRIENDLY FOOD #2,138 DEL MAR CIR,AURORA,80011,1,"$20,000"
Cash 5,FISHERS LIQUOR BARN,2438 PATTERSON ROAD,GRAND JUNCTION,81505,1,"$20,000"
Cash 5,FLORIDA MARKET,4393 W FLORIDA AVE,DENVER,80219,3,"$40,200"
Cash 5,FRASER QUICKSTOP,300 EISENHOWER,FRASER,80442,1,$200
Cash 5,FREDERICK TRAVEL CENTER,3768 HWY 52,FREDERICK,80516,2,"$40,000"
Cash 5,GAS 'N FOOD STORE,6215 CARR ST,ARVADA,80004,6,$198
Cash 5,GATEWAY LIQUOR,3055 E HWY 50,CANON CITY,81212,1,"$1,022"
Cash 5,G&E LIQUORS,18680 E ILIFF AVE #D,AURORA,80013,6,"$120,000"
Cash 5,GO-FER FOODS CEDAREDGE,915 S GRAND MESA DR,CEDAREDGE,81413,1,"$20,000"
Cash 5,GOLDEN GATE GAS #73,2395 G RD,GRAND JUNCTION,81505,1,"$20,000"
Cash 5,GRAPEVINE WINE & LIQUORS,900 S MONACO PKWY,DENVER,80224,4,"$80,000"
Cash 5,GREENCREST CENTER,3725 VAN TEYLINGEN,COLORADO SPRINGS,80917,1,$200
Cash 5,GREENFIELDS POOL & SPORTS BAR,3355 S YARROW ST E101,LAKEWOOD,80227,1,"$20,000"
Cash 5,GREENMOUNTAIN MOBIL,12410 W ALAMEDA PKWY,LAKEWOOD,80228,4,"$80,000"
Cash 5,GRIZZLY GAS & CONVENIENCE,3200 ARAPAHOE AVE,BOULDER,80303,1,"$20,000"
Cash 5,HARAF FOODS MARKET,10774 BELLE CRK BLVD #124,HENDERSON,80640,1,"$1,000"
Cash 5,HAYS DRUG,224 GRAND AVE,PAONIA,81428,1,"$20,000"
Cash 5,HAYS MARKET,919 MOUNTAIN AVE,BERTHOUD,80513,6,"$80,400"
Cash 5,HERITAGE MARKET,180 S ELM,EATON,80615,1,"$20,000"
Cash 5,HIGH PLAINS FOOD STORE,403 ARAPAHOE,KIOWA,80117,1,"$20,000"
Cash 5,HURON CONVENIENCE STORE,9500 HURON ST,THORNTON,80260,1,"$20,000"
Cash 5,JANSEN LIQUORS,5805 GALLEY RD,COLORADO SPRINGS,80915,3,"$40,200"
Cash 5,JB'S CONVENIENCE STORE,710 E MAGNOLIA,FORT COLLINS,80524,1,"$20,000"
Cash 5,JR'S COUNTRY STORE #201,3920 HOLLYBROOK,PUEBLO,81005,4,"$20,600"
Cash 5,JR'S COUNTRY STORE #204,2402 S PRAIRIE,PUEBLO,81005,1,$200
Cash 5,KATMANDO'S GENERAL STORE,607 S MCCULLOCH BL WEST,PUEBLO WEST,81007,1,$200
Cash 5,K & G #30 CONOCO,9160 CROWN CREST BLVD,PARKER,80138,2,"$22,000"
Cash 5,K & G CONOCO #527,10038 W REMINGTON AVE,LITTLETON,80127,1,$200
Cash 5,K & G CONOCO #545,18181 E HAMPDEN AVE,AURORA,80013,1,"$20,000"
Cash 5,KHANAL INC,12300 W 44TH AVE,WHEAT RIDGE,80033,1,$200
Cash 5,KING SOOPERS #03,6350 SHERIDAN BLVD,ARVADA,80003,5,"$100,000"
Cash 5,KING SOOPERS #05,1355 KRAMERIA,DENVER,80220,1,"$20,000"
Cash 5,KING SOOPERS #07,5125 W FLORIDA AVE,DENVER,80219,1,$200
Cash 5,KING SOOPERS #08,2205 W WILDCAT RESERVE PKWY,LITTLETON,80129,3,"$40,200"
Cash 5,KING SOOPERS #09,1015 S TAFT HILL,FORT COLLINS,80521,2,"$21,000"
Cash 5,KING SOOPERS #100,4910 S YOSEMITE STREET,GREENWOOD VILLAGE,80111,2,"$20,201"
Cash 5,KING SOOPERS #101,13700 COLORADO BLVD,THORNTON,80602,2,"$40,000"
Cash 5,KING SOOPERS #102,1611 PACE ST,LONGMONT,80504,3,"$60,002"
Cash 5,KING SOOPERS #102 FUEL CENTER,1611 PACE ST,LONGMONT,80504,1,"$20,000"
Cash 5,KING SOOPERS #107,25701 E SMOKY HILL RD,AURORA,80016,2,"$40,000"
Cash 5,KING SOOPERS #108,4000 RED CEDAR DR,LITTLETON,80126,1,"$20,000"
Cash 5,KING SOOPERS #110,8673 S QUEBEC ST,LITTLETON,80130,1,"$1,000"
Cash 5,KING SOOPERS #112,1045 1ST STREET,BENNETT,80102,1,"$20,000"
Cash 5,KING SOOPERS #114,15051 E 104TH AVE,COMMERCE CITY,80022,3,"$40,200"
Cash 5,KING SOOPERS #118,2355 W 136TH AVE,BROOMFIELD,80023,1,$200
Cash 5,KING SOOPERS #119,9225 N UNION BLVD,COLORADO SPRINGS,80920,2,"$40,000"
Cash 5,KING SOOPERS #12,3050 W NORTHERN AVE,PUEBLO,81005,1,$200
Cash 5,KING SOOPERS #121,8055 SHERIDAN BLVD,ARVADA,80003,3,"$64,444"
Cash 5,KING SOOPERS #122,7901 S BROADWAY,LITTLETON,80122,1,"$20,000"
Cash 5,KING SOOPERS #124,4600 LEETSDALE DRIVE,GLENDALE,80246,1,"$20,000"
Cash 5,KING SOOPERS #126,17761 COTTONWOOD DR,PARKER,80134,1,"$20,000"
Cash 5,KING SOOPERS #128,18211 E HAMPDEN AVE,AURORA,80013,5,"$40,600"
Cash 5,KING SOOPERS #13,1375 E SOUTH BOULDER RD,LOUISVILLE,80027,4,"$66,664"
Cash 5,KING SOOPERS #130,3620 AUSTIN BLUFFS PKWY,COLORADO SPRINGS,80918,6,"$120,000"
Cash 5,KING SOOPERS #132,750 RIDGE RD,CASTLE ROCK,80104,1,"$20,000"
Cash 5,KING SOOPERS #134,7915 CONSTITUTION AVE,COLORADO SPRINGS,80951,2,"$20,200"
Cash 5,KING SOOPERS #135,480 N HWY 287,LAFAYETTE,80026,2,"$33,332"
Cash 5,KING SOOPERS #136,100 N 50TH AVE,BRIGHTON,80601,3,"$40,200"
Cash 5,KING SOOPERS #136 FUEL CENTER,5191 E BRIDGE STREET,BRIGHTON,80601,1,"$20,000"
Cash 5,KING SOOPERS #16,19711 E SMOKY HILL RD,CENTENNIAL,80015,2,"$40,000"
Cash 5,KING SOOPERS #18,2325 S COLLEGE AVE,FORT COLLINS,80525,1,"$20,000"
Cash 5,KING SOOPERS #19,3100 S SHERIDAN,DENVER,80227,2,"$40,001"
Cash 5,KING SOOPERS #19 FUEL CENTER,3100 S SHERIDAN BLVD #2A,DENVER,80227,1,"$1,000"
Cash 5,KING SOOPERS #20,3400 YOUNGFIELD ST,WHEAT RIDGE,80033,2,"$3,000"
Cash 5,KING SOOPERS #22,9731 W 58TH AVE,ARVADA,80002,1,"$20,000"
Cash 5,KING SOOPERS #25,11747 W KEN CARYL AVE,LITTLETON,80127,5,"$81,411"
Cash 5,KING SOOPERS #26,6470 E HAMPDEN AVE,DENVER,80222,1,"$20,000"
Cash 5,KING SOOPERS #28,6550 LOOKOUT RD,BOULDER,80301,1,"$20,000"
Cash 5,KING SOOPERS #29,1155 E 9TH AVE,DENVER,80218,1,"$20,000"
Cash 5,KING SOOPERS #30,1155 S HAVANA,AURORA,80012,3,"$21,250"
Cash 5,KING SOOPERS #31,1927 S WADSWORTH,LAKEWOOD,80227,1,$200
Cash 5,KING SOOPERS #33,3600 TABLE MESA DRIVE,BOULDER,80305,2,"$33,332"
Cash 5,KING SOOPERS #34,1575 W 84TH AVE,FEDERAL HEIGHTS,80260,3,"$60,000"
Cash 5,KING SOOPERS #35,890 S MONACO PKWY,DENVER,80224,1,"$20,000"
Cash 5,KING SOOPERS #36,8031 WADSWORTH BLVD,ARVADA,80003,2,"$40,000"
Cash 5,KING SOOPERS #38,5050 E ARAPAHOE RD,LITTLETON,80122,2,"$40,000"
Cash 5,KING SOOPERS #40,12043 W ALAMEDA,LAKEWOOD,80228,4,"$80,000"
Cash 5,KING SOOPERS #41,6760 S PIERCE ST,LITTLETON,80128,1,"$20,000"
Cash 5,KING SOOPERS #42,2255 N MAIN ST,LONGMONT,80501,2,"$40,000"
Cash 5,KING SOOPERS #43,102 W 29TH ST,PUEBLO,81008,1,"$20,000"
Cash 5,KING SOOPERS #44,253 E 29TH ST,LOVELAND,80538,2,"$40,001"
Cash 5,KING SOOPERS #45,12350 W 64TH AVE,ARVADA,80004,2,"$20,200"
Cash 5,KING SOOPERS #47,7575 S UNIVERSITY BLVD,LITTLETON,80122,2,"$40,000"
Cash 5,KING SOOPERS #50,9800 W BELLEVIEW,LITTLETON,80123,1,"$20,000"
Cash 5,KING SOOPERS #52,15109 E COLFAX,AURORA,80011,3,"$40,211"
Cash 5,KING SOOPERS #53,6930 N ACADEMY BLVD,COLORADO SPRINGS,80918,2,"$40,000"
Cash 5,KING SOOPERS #55,9983 WADSWORTH PKWY,BROOMFIELD,80021,2,"$40,000"
Cash 5,KING SOOPERS #57,3817 SHERIDAN BLVD,WHEAT RIDGE,80212,2,"$40,000"
Cash 5,KING SOOPERS #58,815 CHEYENNE MEADOWS,COLORADO SPRINGS,80906,1,$200
Cash 5,KING SOOPERS #59,1545 S KIPLING ST,LAKEWOOD,80232,1,"$20,000"
Cash 5,KING SOOPERS #60,1555 QUAIL ST,LAKEWOOD,80215,1,"$1,000"
Cash 5,KING SOOPERS #61,1650 30TH ST,BOULDER,80301,1,"$16,666"
Cash 5,KING SOOPERS #62,10351 N FEDERAL BLVD,WESTMINSTER,80260,2,"$40,001"
Cash 5,KING SOOPERS #63,8200 S HOLLY,LITTLETON,80122,1,"$2,000"
Cash 5,KING SOOPERS #65,101 ENGLEWOOD PKWY,ENGLEWOOD,80110,1,"$20,000"
Cash 5,KING SOOPERS #68,3801 E 120TH AVE,THORNTON,80233,9,"$103,204"
Cash 5,KING SOOPERS #69,4271 S BUCKLEY RD,AURORA,80013,1,"$20,000"
Cash 5,KING SOOPERS #72,2750 S COLORADO BLVD,DENVER,80222,3,"$21,200"
Cash 5,KING SOOPERS #73,4503 JOHN F KENNEDY PKWY,FORT COLLINS,80525,3,"$60,000"
Cash 5,KING SOOPERS #74,1275 EAGLE DR,LOVELAND,80537,2,"$40,000"
Cash 5,KING SOOPERS #75,12959 S PARKER RD,PARKER,80134,2,"$40,000"
Cash 5,KING SOOPERS #76,3570 HARTSEL DR,COLORADO SPRINGS,80920,1,"$20,001"
Cash 5,KING SOOPERS #77,1070 W BAPTIST RD,COLORADO SPRINGS,80921,4,"$60,200"
Cash 5,KING SOOPERS #78,8126 S WADSWORTH BLVD,LITTLETON,80128,2,"$40,000"
Cash 5,KING SOOPERS #80,995 S HOVER ST,LONGMONT,80501,2,"$40,000"
Cash 5,KING SOOPERS #81,500 E BROMLEY LN,BRIGHTON,80601,4,"$61,000"
Cash 5,KING SOOPERS #82,17171 S GOLDEN RD,GOLDEN,80401,2,"$40,000"
Cash 5,KING SOOPERS #83,18605 GREEN VALLEY RANCH BLVD,DENVER,80249,3,"$20,416"
Cash 5,KING SOOPERS #84,6412 S PARKER RD,AURORA,80016,3,"$60,000"
Cash 5,KING SOOPERS #85,15200 W 64TH AVE,ARVADA,80007,4,"$80,000"
Cash 5,KING SOOPERS #86,12167 SHERIDAN BLVD,BROOMFIELD,80020,2,"$20,200"
Cash 5,KING SOOPERS #87,25637 CONIFER RD,CONIFER,80433,4,"$22,200"
Cash 5,KING SOOPERS #88,17031 LINCOLN AVE,PARKER,80134,1,"$20,000"
Cash 5,KING SOOPERS #91,7284 LAGAE RD,CASTLE ROCK,80108,2,"$2,005"
Cash 5,KING SOOPERS #92,4850 E 62ND AVE,COMMERCE CITY,80022,1,"$1,000"
Cash 5,KING SOOPERS #93,2810 QUEBEC ST,DENVER,80207,4,"$41,200"
Cash 5,KING SOOPERS #97,2602 S TIMBERLINE RD,FORT COLLINS,80525,3,"$60,000"
Cash 5,KING SOOPERS #98,6030 STETSON HILLS BLVD,COLORADO SPRINGS,80923,3,"$60,000"
Cash 5,KITTREDGE GENERAL STORE,26301 HILLTOP DR HWY 74,KITTREDGE,80457,2,"$2,000"
Cash 5,KOYOTE LIQUORS,202 NORTH BUS LOOP 50,OLATHE,81425,1,"$20,000"
Cash 5,KUM & GO #650,17970 KNOLLWOOD DRIVE,MONUMENT,80132,1,"$20,000"
Cash 5,KUM & GO #663,5771 N CAREFREE CIR,COLORADO SPRINGS,80917,2,"$40,000"
Cash 5,KUM & GO #670,8050 FOUNTAIN MESA ROAD,FOUNTAIN,80817,1,$200
Cash 5,KUM & GO #672,3025 HANCOCK EXPRESS WAY,COLORADO SPRINGS,80916,1,"$20,000"
Cash 5,KUM & GO #673,620 E FILLMORE STREET,COLORADO SPRINGS,80907,2,"$20,200"
Cash 5,KUM & GO #686,2410 N ACADEMY BLVD,COLORADO SPRINGS,80909,1,$200
Cash 5,KUM & GO #912,30393 KINGS VALLEY DR,CONIFER,80433,1,"$20,000"
Cash 5,KUM & GO # 919,317 E MAIN ST,RANGELY,81648,1,"$2,000"
Cash 5,KUM & GO #920,2032 CURVE PLZ,STEAMBOAT SPRINGS,80487,1,"$20,000"
Cash 5,KUM & GO #930,2150 E BRIDGE STREET,BRIGHTON,80601,10,"$140,400"
Cash 5,KUM & GO #931,2901 37TH STREET,EVANS,80620,1,"$20,000"
Cash 5,KUM & GO #934,8150 6TH STREET,WELLINGTON,80549,1,$200
Cash 5,KUM & GO #940,70 W BRIDGE ST,BRIGHTON,80601,1,"$20,000"
Cash 5,KWIK MART #3,30520 HWY 72,GOLDEN,80403,2,"$31,111"
Cash 5,KWIK WAY #740,6910 PALMER PARK BLVD,COLORADO SPRINGS,80915,1,"$20,000"
Cash 5,LK LIQUOR,2850 S ACADEMY BLVD STE 120,COLORADO SPRINGS,80916,1,"$20,000"
Cash 5,LOAF N JUG #03,200 MAIN ST,WALSENBURG,81089,1,$200
Cash 5,LOAF N JUG #06,4770 DRENNAN RD,COLORADO SPRINGS,80916,2,"$22,000"
Cash 5,LOAF N JUG #14,1201 W PUEBLO BLVD,PUEBLO,81004,2,$400
Cash 5,LOAF N JUG #15,243 HWY 5O EAST,AVONDALE,81022,1,$200
Cash 5,LOAF N JUG #16,101 N MAIN ST,LA JUNTA,81050,1,"$20,000"
Cash 5,LOAF N JUG #25,4800 THATCHER,PUEBLO,81005,1,"$20,000"
Cash 5,LOAF N JUG #33,2802 E PIKES PEAK AVE,COLORADO SPRINGS,80909,1,"$20,000"
Cash 5,LOAF N JUG #37,3980 IVYWOOD,PUEBLO,81005,4,"$80,000"
Cash 5,LOAF N JUG #38,1002 BONFORTE BLVD,PUEBLO,81001,1,"$20,000"
Cash 5,LOAF N JUG #40,4335 AIRPORT RD,COLORADO SPRINGS,80916,1,"$20,000"
Cash 5,LOAF N JUG #41,6857 SPACE VILLAGE AVE,COLORADO SPRINGS,80915,2,"$21,000"
Cash 5,LOAF N JUG #43,9364 S JORDAN RD,PARKER,80134,3,"$60,000"
Cash 5,LOAF N JUG #45,3705 DRENNAN,COLORADO SPRINGS,80910,3,"$60,000"
Cash 5,LOAF N JUG #48,201 MAIN ST,FRISCO,80443,1,"$20,000"
Cash 5,LOAF N JUG #49,305 N 10TH,ROCKY FORD,81067,2,"$20,201"
Cash 5,LOAF N JUG #54,912 ROYAL GORGE BLVD,CANON CITY,81212,1,"$20,000"
Cash 5,LOAF N JUG #55,448 HWY 50,SALIDA,81201,2,"$20,200"
Cash 5,LOAF N JUG #69,519 W HWY 24,WOODLAND PARK,80866,1,"$20,000"
Cash 5,LOAF N JUG #70,4001 JERRY MURPHY RD,PUEBLO,81001,2,"$40,000"
Cash 5,LOAF N JUG #71,1201 W 17TH ST,PUEBLO,81003,2,"$21,000"
Cash 5,LOAF N JUG #75,1700 SANTA FE DR,PUEBLO,81006,1,"$20,000"
Cash 5,LOAF N JUG #78,2120 OAKSHIRE LN,PUEBLO,81001,2,"$40,000"
Cash 5,LOAF N JUG #79,420 EAGLE RIDGE BLVD,PUEBLO,81008,1,"$20,000"
Cash 5,LOAF N JUG #80,102 S SANTA FE AVE,FOUNTAIN,80817,3,"$60,001"
Cash 5,LOAF N JUG #803,490 W HAMPDEN,ENGLEWOOD,80110,1,"$20,000"
Cash 5,LOAF N JUG #81,102 N RUBEY DR,GOLDEN,80403,1,"$20,000"
Cash 5,LOAF N JUG #82,14 W SPAULDING AVE,PUEBLO WEST,81007,1,"$20,000"
Cash 5,LOAF N JUG #83,700 WARNER DR,GOLDEN,80401,1,"$20,000"
Cash 5,LOAF N JUG #846,8211 6TH ST,WELLINGTON,80549,2,"$40,000"
Cash 5,LOAF N JUG #85,136 S PURCELL BLVD,PUEBLO WEST,81007,1,"$20,000"
Cash 5,LOAF N JUG #850,1001 39TH AVE,GREELEY,80634,1,"$20,000"
Cash 5,LOAF N JUG #86,2810 TROY AVE,PUEBLO,81001,1,"$20,000"
Cash 5,LOAF N JUG #868,101 W BRONTOSAURUS BLVD,DINOSAUR,81610,4,"$80,000"
Cash 5,LOAF N JUG #87,4125 W NORTHERN AVE,PUEBLO,81005,3,"$40,200"
Cash 5,LOAF N JUG #92,1019 SPACE CENTER DR,COLORADO SPRINGS,80915,1,"$20,000"
Cash 5,LOAF N JUG #93,905 W HWY 50,PUEBLO,81008,1,"$20,000"
Cash 5,LOAF N JUG #94,16355 W 64TH AVE,ARVADA,80007,1,"$20,000"
Cash 5,LOAF N JUG #98,5825 N ACADEMY BLVD,COLORADO SPRINGS,80918,1,"$20,000"
Cash 5,LOCAL CONVENIENCE STORE,1901 WADSWORTH BLVD,LAKEWOOD,80214,2,"$40,000"
Cash 5,LOVE'S COUNTRY STORES 38,301 E OLIVE ST,LAMAR,81052,2,"$40,000"
Cash 5,LOVES TRAVEL STOP #226,6470 N ELIZABETH,PUEBLO,81008,1,"$20,000"
Cash 5,LOVES TRAVEL STOP #668,3800 STATE HWY 56,BERTHOUD,80513,1,$200
Cash 5,LP STOP,1470 N AIRPORT BLVD,AURORA,80011,1,"$20,000"
Cash 5,MAJOR LIQUORS,529 IRIS DR,STERLING,80751,1,"$20,003"
Cash 5,MAPLETON GROCERY & DELI,1202 E 58TH AVE UNIT A,DENVER,80216,1,"$20,000"
Cash 5,MARWA MARKET,4330 W COLFAX AVE,DENVER,80204,1,"$20,000"
Cash 5,MAVERIK #463,101 HWY 92,DELTA,81416,1,"$20,000"
Cash 5,MEADOWS MARKET,7100 SUN COUNTRY DR,ELIZABETH,80107,1,"$20,000"
Cash 5,MELODY LANES & LOUNGE,800 W 2ND ST,JULESBURG,80737,3,"$60,016"
Cash 5,MINI FOOD STORE,4696 S FEDERAL BLVD,ENGLEWOOD,80110,1,"$20,000"
Cash 5,M & M LIQUOR,"18881 E COLFAX AVE
STE 1",AURORA,80011,1,"$1,000"
Cash 5,MONUMENT CORK N BOTTLE LIQUOR,351 HWY 105,MONUMENT,80132,2,"$2,000"
Cash 5,MURPHY EXPRESS #8587,3470 N TOWER RD,AURORA,80011,1,"$20,000"
Cash 5,MURPHY EXPRESS #8697,5601 W 44TH AVE,DENVER,80212,1,"$20,000"
Cash 5,MURPHY EXPRESS #8771,2375 MAIN ST,LONGMONT,80501,1,"$20,000"
Cash 5,MURPHY EXPRESS #8827,4615 CITY CENTRE ROAD,FIRESTONE,80504,1,$200
Cash 5,MY GOODS MARKET #0746,14405 W 64TH AVENUE,ARVADA,80004,1,"$20,000"
Cash 5,MY GOODS MARKET #6496,4085 BEVERLY STREET,COLORADO SPRINGS,80917,1,"$20,000"
Cash 5,MY GOODS MARKET #6500,290 S HAVANA ST,AURORA,80012,1,"$20,000"
Cash 5,MY GOODS MARKET #6502,1100 S HAVANA,AURORA,80012,1,"$20,000"
Cash 5,MY GOODS MARKET #6531,2790 N POWERS BLVD,COLORADO SPRINGS,80922,1,"$20,000"
Cash 5,MY GOODS MARKET #6538,290 N HWY 287,LAFAYETTE,80026,1,"$20,000"
Cash 5,MY GOODS MARKET #6549,15371 E ORCHARD RD,AURORA,80015,1,"$20,000"
Cash 5,NORTH MURRAY GAS,943 N MURRAY BLVD,COLORADO SPRINGS,80915,1,"$20,000"
Cash 5,NORWOOD DISCOUNT LIQUOR,2103 N NORWOOD,PUEBLO,81001,1,"$20,000"
Cash 5,OBERON FOOD & GAS,6601 OBERON RD,ARVADA,80004,1,"$20,000"
Cash 5,OUTBACK LIQUORS,113 ELIZABETH ST,ELIZABETH,80107,1,"$20,000"
Cash 5,PAISANO LIQUORS,126 W BRIDGE ST,BRIGHTON,80601,1,"$20,000"
Cash 5,P&D GROCERY,280 E FRONTAGE RD #5,MANCOS,81328,1,"$20,000"
Cash 5,PDQ STORE,5200 MANHATTAN CIR,BOULDER,80303,2,"$2,005"
Cash 5,PDS STORE,14490 E 6TH AVE,AURORA,80011,1,"$20,000"
Cash 5,PEAKVIEW WINE & SPIRITS,6631 S PEORIA ST #180,ENGLEWOOD,80111,1,$200
Cash 5,PETRO STOPPING CENTERS #399,2842 SE FRONTAGE RD,JOHNSTOWN,80534,1,"$20,000"
Cash 5,PHA STORES INC,520 PETERSON RD,COLORADO SPRINGS,80915,3,"$40,232"
Cash 5,PIKES PEAK PARK LIQUORS,2831 E FOUNTAIN BLVD,COLORADO SPRINGS,80910,1,"$20,000"
Cash 5,PINEY LIQUORS,"5135 CHAMBERS RD
UNIT F",DENVER,80239,1,$200
Cash 5,PONDEROSA MARKET & SPIRITS,4053 EVERGREEN PKWY ACCESS RD,EVERGREEN,80439,1,"$20,000"
Cash 5,PRINGLE BROTHERS FINE WINES,2100 W DRAKE #11,FORT COLLINS,80526,2,"$40,000"
Cash 5,PUEBLO WEST KWIK STOP,101 S MCCULLOCH BLVD,PUEBLO WEST,81007,5,"$62,000"
Cash 5,PUMP SHOP N SAVE,"5500 S SIMMS ST
STE A",LITTLETON,80127,2,"$40,000"
Cash 5,RAINBOW EXPRESS,30359 W  US HWY 160,SOUTH FORK,81154,1,"$20,000"
Cash 5,RAMBOS LONGHORN LIQUOR,1640 BIG THOMPSON AVE,ESTES PARK,80517,2,"$40,000"
Cash 5,RAMPART LIQUOR SPRING,7635 N UNION BLVD,COLORADO SPRINGS,80920,6,"$21,000"
Cash 5,RB FOOD & GAS,11010 E 120TH AVE,HENDERSON,80640,1,"$1,000"
Cash 5,REDD MERCANTILE,460 MAIN ST,NUCLA,81424,3,"$20,400"
Cash 5,RIDGWAY CONOCO,140 HWY 550,RIDGWAY,81432,3,"$60,000"
Cash 5,RINGOS SUPER TRADING POST,23368 HWY 12,TRINIDAD,81082,3,"$60,000"
Cash 5,RITE AID #6367,400 N 1ST STREET,GRAND JUNCTION,81501,1,"$20,000"
Cash 5,ROCKY MTN DISCOUNT LIQUORS,350 W RIVERSIDE DRIVE,ESTES PARK,80517,1,"$20,000"
Cash 5,ROSSI LIQUOR,12399 W 64TH AVENUE,ARVADA,80004,1,"$20,000"
Cash 5,R & R LIQUOR,1845 MAIN ST,COLORADO SPRINGS,80911,2,"$21,000"
Cash 5,R & S FOOD AND GAS,814 14TH ST SW,LOVELAND,80537,1,"$1,000"
Cash 5,RUSSELL'S #203,707 17TH ST #130,DENVER,80202,1,"$20,000"
Cash 5,RUSSELL'S #206,1560 BROADWAY #102,DENVER,80202,1,"$20,000"
Cash 5,RUSSELL'S #212,1625 BROADWAY,DENVER,80202,1,"$20,000"
Cash 5,RUSSELLS #224,1670 BROADWAY STE 130,DENVER,80202,2,"$40,000"
Cash 5,SAFEWAY #2812,910 W CHERRY ST,LOUISVILLE,80027,2,"$33,332"
Cash 5,SAFEWAY #3836,"200 QUEBEC ST
BLDG 400",DENVER,80230,1,"$20,000"
Cash 5,SAFEWAY #803,7055 AUSTIN BLUFFS PKWY,COLORADO SPRINGS,80923,2,"$40,000"
Cash 5,SAFEWAY #840,8750 N UNION BLVD,COLORADO SPRINGS,80920,1,$200
Cash 5,SAFEWAY #841,1200 S BUCKLEY RD,AURORA,80017,1,"$20,000"
Cash 5,SAFEWAY #881,500 E 120TH AVE,NORTHGLENN,80233,1,"$20,000"
Cash 5,SAFEWAY #885,323 S BROADWAY,DENVER,80209,1,"$20,000"
Cash 5,SAFEWAY #899,6100 S GUN CLUB RD,AURORA,80016,3,"$60,000"
Cash 5,SAFEWAY FUEL CENTER 1635,10200 FEDERAL BLVD,FEDERAL HEIGHTS,80260,1,"$20,000"
Cash 5,SAFEWAY FUEL C-STRE 1578,1039 E US HWY 24,WOODLAND PARK,80863,1,"$1,000"
Cash 5,SAFEWAY FUEL C-STRE 1644,7505 MCLAUGHLIN RD,PEYTON,80831,2,"$20,200"
Cash 5,SAFEWAY FUEL MINI C-0244,3600 W 44TH AVE,DENVER,80211,1,"$20,000"
Cash 5,SAFEWAY FUEL MINI C-1131,1221 S TOWNSEND AVE,MONTROSE,81401,1,"$20,000"
Cash 5,SAFEWAY FUEL MINI C-1248,2995 W 26TH ST,DENVER,80211,1,"$1,000"
Cash 5,SAFEWAY FUEL MINI C-1479,3890 WADSWORTH AVE.,WHEAT RIDGE,80033,4,"$51,311"
Cash 5,SAFEWAY FUEL MINI C-1656,1603 COALTON RD,SUPERIOR,80027,1,"$16,666"
Cash 5,SAFEWAY FUEL MINI C-1975,6925 MESA RIDGE PKWY,FOUNTAIN,80817,2,"$21,400"
Cash 5,SAFEWAY FUEL MINI C-2612,1677 S HAVANA ST,AURORA,80012,1,"$20,000"
Cash 5,SAFEWAY FUEL MINI C-2791,171 W MINERAL,LITTLETON,80120,1,"$20,000"
Cash 5,SAFEWAY FUEL MINI C-2913,2160 W DRAKE ROAD,FORT COLLINS,80526,1,"$1,000"
Cash 5,SAFEWAY FUEL MINI C-2918,3550 10TH ST,GREELEY,80634,1,"$20,000"
Cash 5,SAFEWAY FUEL MINI C-4604,20123 E SMOKY HILL RD,CENTENNIAL,80015,1,"$20,000"
Cash 5,SAFEWAY STORES #1828,8134 COLORADO BLVD,FIRESTONE,80504,1,$200
Cash 5,SAFEWAY STORES INC #0008,7375 E ARAPAHOE RD,ENGLEWOOD,80112,1,$200
Cash 5,SAFEWAY STORES INC #0027,5025 S KIPLING PKWY,LITTLETON,80127,1,"$20,000"
Cash 5,SAFEWAY STORES INC #0041,13111 W ALAMEDA PKWY,LAKEWOOD,80228,2,"$40,013"
Cash 5,SAFEWAY STORES INC #0137,12200 E MISSISSIPPI AVE,AURORA,80012,12,"$220,200"
Cash 5,SAFEWAY STORES INC #0322,1701 JACKSON ST,GOLDEN,80401,1,"$20,000"
Cash 5,SAFEWAY STORES INC #0344,9160 W COLFAX AVE,LAKEWOOD,80215,1,$200
Cash 5,SAFEWAY STORES INC #0722,457 W MAIN ST,TRINIDAD,81082,2,"$40,000"
Cash 5,SAFEWAY STORES INC #0812,2210 N WAHSATCH AVE,COLORADO SPRINGS,80907,1,"$20,000"
Cash 5,SAFEWAY STORES INC #0835,5060 N ACADEMY BLVD,COLORADO SPRINGS,80918,1,"$20,015"
Cash 5,SAFEWAY STORES INC #0914,2321 W EISENHOWER,LOVELAND,80537,1,"$20,801"
Cash 5,SAFEWAY STORES INC #0920,451 E WONDERVIEW,ESTES PARK,80517,1,"$20,000"
Cash 5,SAFEWAY STORES INC #1116,1050 KEN PRATT BLVD,LONGMONT,80501,3,"$60,000"
Cash 5,SAFEWAY STORES INC #1267,6460 E YALE AVE UNIT 7,DENVER,80222,1,"$20,000"
Cash 5,SAFEWAY STORES INC #1440,624 HWY 105,MONUMENT,80132,1,"$20,000"
Cash 5,SAFEWAY STORES INC #1446,11051 S PARKER RD,PARKER,80134,2,"$40,000"
Cash 5,SAFEWAY STORES INC #1463,2150 S DOWNING ST,DENVER,80210,1,"$20,000"
Cash 5,SAFEWAY STORES INC #1466,1121 N CIRCLE DR,COLORADO SPRINGS,80909,7,"$102,010"
Cash 5,SAFEWAY STORES INC #1479,3900 WADSWORTH BLVD,WHEAT RIDGE,80033,2,"$40,000"
Cash 5,SAFEWAY STORES INC #1532,220 S ELIZABETH ST,ELIZABETH,80107,2,"$40,000"
Cash 5,SAFEWAY STORES INC #1548,9229 E LINCOLN AVE,LONE TREE,80124,1,"$1,000"
Cash 5,SAFEWAY STORES INC #1552,1426 E HARMONY RD,FORT COLLINS,80525,1,"$20,000"
Cash 5,SAFEWAY STORES INC #1577,6520 S ACADEMY BLVD,COLORADO SPRINGS,80906,3,"$60,001"
Cash 5,SAFEWAY STORES INC #1578,1101 E US HWY 24,WOODLAND PARK,80863,1,"$100,000"
Cash 5,SAFEWAY STORES INC #1599,12442 W KEN CARYL AVE,LITTLETON,80127,1,"$20,000"
Cash 5,SAFEWAY STORES INC #1615,3325 28TH ST,BOULDER,80301,3,"$60,000"
Cash 5,SAFEWAY STORES INC #1644,7655 MCLAUGHLIN RD,PEYTON,80831,1,"$20,000"
Cash 5,SAFEWAY STORES INC #1656,1601 COALTON RD,SUPERIOR,80027,1,$200
Cash 5,SAFEWAY STORES INC #1667,3333 ARAPAHOE RD #B,ERIE,80516,1,"$20,000"
Cash 5,SAFEWAY STORES INC #1760,1017 MARKET PLAZA N,PUEBLO WEST,81007,2,"$40,000"
Cash 5,SAFEWAY STORES INC #1792,1425 S MURRAY BLVD,COLORADO SPRINGS,80916,2,"$40,001"
Cash 5,SAFEWAY STORES INC #1873,771 THORNTON PKWY,THORNTON,80229,1,"$20,000"
Cash 5,SAFEWAY STORES INC #1877,880 S PERRY ST,CASTLE ROCK,80104,3,"$40,200"
Cash 5,SAFEWAY STORES INC #1928,18730 E HAMPDEN AVE,AURORA,80013,3,"$40,200"
Cash 5,SAFEWAY STORES INC #1975,6925 MESA RIDGE PKWY,FOUNTAIN,80817,3,"$41,000"
Cash 5,SAFEWAY STORES INC #1998,7561 W 80TH AVE,ARVADA,80003,1,$200
Cash 5,SAFEWAY STORES INC #2342,11088 W JEWELL AVE,LAKEWOOD,80232,2,"$40,000"
Cash 5,SAFEWAY STORES INC #2612,1677 S HAVANA ST,AURORA,80012,3,"$40,200"
Cash 5,SAFEWAY STORES INC #2714,6220 E 14TH AVE,DENVER,80220,1,"$20,000"
Cash 5,SAFEWAY STORES INC #2722,8355 N RAMPART RANGE RD,LITTLETON,80125,3,"$60,000"
Cash 5,SAFEWAY STORES INC #2810,1200 2ND AVE,MONTE VISTA,81144,1,"$20,000"
Cash 5,SAFEWAY STORES INC #2910,1632 HOVER RD,LONGMONT,80501,4,"$80,002"
Cash 5,SAFEWAY STORES INC #2915,860 CLEVELAND AVE,LOVELAND,80537,2,"$40,000"
Cash 5,SAFEWAY STORES INC #2917,1605 E BRIDGE ST,BRIGHTON,80601,1,"$20,000"
Cash 5,SAFEWAY STORES INC #2918,3526 W 10TH ST,GREELEY,80634,1,"$20,000"
Cash 5,SAFEWAY STORES INC #3723,315 W 2ND ST,LA JUNTA,81050,1,"$20,202"
Cash 5,SAFEWAY STORES INC #3729,1231 S PRAIRIE AVE,PUEBLO,81005,2,"$21,600"
Cash 5,SANDY'S #1,1500 E MULBERRY ST,FORT COLLINS,80524,1,"$1,000"
Cash 5,SCHNAPPS BOX LIQUORS,2515 S CHELTON RD,COLORADO SPRINGS,80916,1,"$20,000"
Cash 5,SCHRADER CNTRY STORE #360,4727 S TIMBERLINE RD,FORT COLLINS,80528,1,"$20,000"
Cash 5,SCHRADER CNTRY STORE #450,200 W HORSETOOTH RD,FORT COLLINS,80525,1,"$20,000"
Cash 5,SCHRADER COUNTRY STORE #390,601 GREENFIELD CT,FORT COLLINS,80524,1,"$20,000"
Cash 5,SCHRIEVER PIT STOP,"720 IRWIN STREET
SCHRIEVER AIR FORCE BASE",COLORADO SPRINGS,80912,1,"$20,000"
Cash 5,SHELL #020,5901 S UNIVERSITY BLVD,LITTLETON,80121,1,"$20,000"
Cash 5,SHELL #034,1850 S WADSWORTH,LAKEWOOD,80232,1,"$20,000"
Cash 5,SHELL #055,10396 WASHINGTON,THORNTON,80229,1,"$20,000"
Cash 5,SHELL #056,7285 E HAMPDEN AVE,DENVER,80224,1,"$20,000"
Cash 5,SHELL #071,2410 E ARAPAHOE RD,CENTENNIAL,80122,1,"$20,000"
Cash 5,SHELL #077,12098 E MISSISSIPPI,AURORA,80012,2,"$40,000"
Cash 5,SHELL #112,1760 W MIDWAY BLVD,BROOMFIELD,80020,1,"$20,000"
Cash 5,SHELL #146,9991 WADSWORTH PKWY,WESTMINSTER,80021,1,"$20,000"
Cash 5,SHELL #148,6400 N SHERIDAN BLVD,ARVADA,80003,2,"$40,000"
Cash 5,SHELL #149,1901 S SHERIDAN,DENVER,80227,2,"$40,000"
Cash 5,SHELL #169,1590 S ACADEMY BLVD,COLORADO SPRINGS,80916,2,"$40,000"
Cash 5,SHELL #175,4075 AUSTIN BLUFFS PKWY,COLORADO SPRINGS,80918,1,"$20,000"
Cash 5,SHELL #182,16892 E ILIFF AVENUE,AURORA,80013,1,$200
Cash 5,SHELL #185,1201 BONFORTE BLVD,PUEBLO,81001,2,"$40,000"
Cash 5,SHELL #186,7970 WADSWORTH BLVD,ARVADA,80003,1,$200
Cash 5,SHELL #245,699 S 8TH ST,COLORADO SPRINGS,80905,1,"$1,000"
Cash 5,SHELL #250,1812 US HWY 50 WEST,PUEBLO,81008,2,"$40,000"
Cash 5,SHELL MONUMENT FOOD MART,403 JURASSIC AVENUE,FRUITA,81521,1,$200
Cash 5,SHOP & HOP #11,800 HWY 6,GYPSUM,81637,1,"$20,000"
Cash 5,SINCLAIR,2690 S MONACO PKWY,DENVER,80222,1,"$20,000"
Cash 5,SKY SHOP GAS & CONVENIENCE,402 OAK AVE,EATON,80615,1,$200
Cash 5,SMOKER FRIENDLY #103,5896 E 72ND,COMMERCE CITY,80022,1,"$20,000"
Cash 5,SMOKER FRIENDLY #105,4377 EATON STREET,DENVER,80212,1,"$20,000"
Cash 5,SMOKER FRIENDLY #110,1054 W VINE DR,FORT COLLINS,80521,1,$200
Cash 5,SMOKER FRIENDLY #115,6630 W COLFAX,LAKEWOOD,80214,1,$200
Cash 5,SMOKER FRIENDLY #124,7540 SHERIDAN,WESTMINSTER,80003,1,$200
Cash 5,SMOKER FRIENDLY #129,1815 CENTRAL PARK DR,STEAMBOAT SPRINGS,80487,1,"$20,000"
Cash 5,SMOKER FRIENDLY #137,3748 E 104TH AVE,THORNTON,80233,1,$200
Cash 5,SMOKER FRIENDLY #151,5305 E COLFAX SPACE #C,DENVER,80220,1,"$20,000"
Cash 5,SMOKER FRIENDLY #171,352 MAIN ST,COLORADO SPRINGS,80911,2,"$20,200"
Cash 5,SMOKER FRIENDLY #179,1519 E MAIN ST,TRINIDAD,81082,1,$200
Cash 5,SMOKER FRIENDLY #180,1525 GREENWOOD AVE,CANON CITY,81212,1,"$20,000"
Cash 5,SMOKER FRIENDLY #538,2698 S PARKER RD,AURORA,80014,1,"$20,000"
Cash 5,SOCIETY CONOCO,100 SOCIETY DR,TELLURIDE,81435,1,"$20,000"
Cash 5,SOLO LIQUOR,13751 E YALE AVE,AURORA,80014,1,"$20,000"
Cash 5,SONOCO PAGOSA SPRINGS,642 SAN JUAN ST,PAGOSA SPRINGS,81147,2,"$20,200"
Cash 5,SOUTH FEDERAL MINI MART,4399 S FEDERAL BLVD,ENGLEWOOD,80110,1,$200
Cash 5,SOUTHSIDE STATION,905 WEISS DR  UNIT A,STEAMBOAT SPRINGS,80487,1,"$20,000"
Cash 5,SPEEDWAY #9489,1991 MAIN AVE,DURANGO,81301,1,"$20,000"
Cash 5,SPEEDWAY #9491,650 BUCK HWY,BAYFIELD,81122,2,"$40,000"
Cash 5,SPEEDWAY #9499,921 E MAIN ST,CORTEZ,81321,2,"$40,000"
Cash 5,SPIRIT WORLD LIQUORS,7156 PECOS ST,DENVER,80221,1,$200
Cash 5,STINKER STORE #310,7403 W 38TH AVE,WHEAT RIDGE,80033,1,"$20,000"
Cash 5,STINKER STORE #312,5000 N FEDERAL BLVD,DENVER,80221,1,$200
Cash 5,STINKER STORE #321,2498 F RD,GRAND JUNCTION,81505,1,$200
Cash 5,STINKER STORE #322,2903 NORTH AVE,GRAND JUNCTION,81504,1,"$20,000"
Cash 5,STINKER STORE #344,1650 E 104TH AVE,THORNTON,80233,1,$200
Cash 5,STOP N SAVE #18,47 EDWARDS VILLAGE BLVD,EDWARDS,81632,1,$200
Cash 5,STRATMOOR LIQUORS LLC,1807 B STREET,COLORADO SPRINGS,80906,1,"$20,000"
Cash 5,STUB'S GAS & OIL INC,16740 HWY 39,WIGGINS,80654,1,"$20,000"
Cash 5,SUNMART #525,1695 N WATKINS RD,WATKINS,80137,1,$200
Cash 5,SUNNOCO GAS STATION,1190 S CHAMBERS RD,AURORA,80017,3,"$60,000"
Cash 5,SYRACUSE LIQUOR,1115 SYRACUSE,DENVER,80220,1,"$20,000"
Cash 5,TA EXPRESS #648,1041 N COLORADO AVE #71,BRUSH,80723,1,$200
Cash 5,THE HILLS STORE,8801 LOWELL BLVD,WESTMINSTER,80031,1,"$20,000"
Cash 5,THUNDER RIVER MARKET,6818 HWY 82,GLENWOOD SPRINGS,81601,1,"$20,000"
Cash 5,T LIQUOR,7348 WASHINGTON ST,DENVER,80229,1,"$20,000"
Cash 5,TOBACCO BARN,12134 E MISSISSIPPI AVENUE,AURORA,80012,1,"$20,000"
Cash 5,TRAVELCENTERS OF AMERICA #228,888 US HWY 24,LIMON,80828,2,"$40,000"
Cash 5,TWIN STAR #504,7995 WADSWORTH BLVD,ARVADA,80003,1,"$20,000"
Cash 5,UPTOWN OASIS,298 E 20TH AVE,DENVER,80205,1,"$20,000"
Cash 5,U PUMP IT EVANS,3632 11TH AVE,EVANS,80620,1,"$20,000"
Cash 5,USA FOOD & GAS,1720 E 112TH AVE,NORTHGLENN,80233,2,"$40,000"
Cash 5,UTE MTN TRAVEL CENTER,1 E MIKE WASH RD,TOWAOC,81334,1,"$20,000"
Cash 5,VALLEY RANCH SUPPLY,57454 HWY 330,COLLBRAN,81624,1,"$20,000"
Cash 5,WALMART #3127 NHM,5141 CHAMBERS RD,DENVER,80239,1,$200
Cash 5,WALMART #4491 NHM,541 WARRIOR WAY,GRAND JUNCTION,81504,2,"$20,200"
Cash 5,WESTMINSTER LIQUOR INC,6030 W 92ND AVE,WESTMINSTER,80031,1,"$20,000"
Cash 5,WHEAT RIDGE PROF PHARMACY,6650 W 38TH AVENUE,WHEAT RIDGE,80033,2,"$40,000"
Cash 5,WINNERS CORNER CO LLC,550 E ABRIENDO AVE,PUEBLO,81004,2,"$20,200"
Cash 5,YENA CORPORATION,401 S CIRCLE DR,COLORADO SPRINGS,80910,1,"$20,000"
Cash 5,YOSEMITE CONOCO,8900 E HAMPDEN AVE,DENVER,80231,1,"$2,000"